income,age,ad_type_id,ad_medium_id,ad_response
46805.987406983375,36.06868918145393,3.515741270749857,1.6451058958214084,0.6983400114481967
134102.4004106776,45.361396303901444,3.297741273100616,2.264887063655031,0.648870636550308
